delete from encuentro;
delete from equipo;
delete from edicion;
delete from torneo;
delete from deporte;
insert into deporte(iddeporte, nombre) values(1,"Foot Ball");
insert into deporte(iddeporte, nombre) values(2,"Basket Ball");
insert into deporte(iddeporte, nombre) values(3,"Base Ball");
insert into deporte(iddeporte, nombre) values(4,"Tennnis");
insert into deporte(iddeporte, nombre) values(5,"Golf");
insert into torneo(idtorneo, nombre,deporte_iddeporte,edicion_idedicion) values(1,"Open",5,0);
insert into torneo(idtorneo, nombre,deporte_iddeporte,edicion_idedicion) values(2,"World Championship",5,0);
insert into torneo(idtorneo, nombre,deporte_iddeporte,edicion_idedicion) values(3,"Mens Major",5,0);
insert into torneo(idtorneo, nombre,deporte_iddeporte,edicion_idedicion) values(4,"PGA Tour",5,0);
insert into torneo(idtorneo, nombre,deporte_iddeporte,edicion_idedicion) values(5,"Abu Dhabi",5,0);
insert into torneo(idtorneo, nombre,deporte_iddeporte,edicion_idedicion) values(6,"US Open",4,0);
insert into torneo(idtorneo, nombre,deporte_iddeporte,edicion_idedicion) values(7,"PlayOffs",4,0);
insert into torneo(idtorneo, nombre,deporte_iddeporte,edicion_idedicion) values(8,"Wimbledon",4,0);
insert into torneo(idtorneo, nombre,deporte_iddeporte,edicion_idedicion) values(9,"Australian Open",4,0);
insert into torneo(idtorneo, nombre,deporte_iddeporte,edicion_idedicion) values(10,"Dubai",4,0);
insert into torneo(idtorneo, nombre,deporte_iddeporte,edicion_idedicion) values(11,"Atlanta",4,0);
insert into torneo(idtorneo, nombre,deporte_iddeporte,edicion_idedicion) values(12,"Serie Mundial",3,0);
insert into torneo(idtorneo, nombre,deporte_iddeporte,edicion_idedicion) values(13,"Copa Europea",3,0);
insert into torneo(idtorneo, nombre,deporte_iddeporte,edicion_idedicion) values(14,"Copa CEB",3,0);
insert into torneo(idtorneo, nombre,deporte_iddeporte,edicion_idedicion) values(15,"Final Four",3,0);
insert into torneo(idtorneo, nombre,deporte_iddeporte,edicion_idedicion) values(16,"world championship",2,0);
insert into torneo(idtorneo, nombre,deporte_iddeporte,edicion_idedicion) values(17,"playoffs",2,0);
insert into torneo(idtorneo, nombre,deporte_iddeporte,edicion_idedicion) values(18,"euroliga",2,0);
insert into torneo(idtorneo, nombre,deporte_iddeporte,edicion_idedicion) values(19,"preolimpico",2,0);
insert into torneo(idtorneo, nombre,deporte_iddeporte,edicion_idedicion) values(20,"Champions League",1,0);
insert into torneo(idtorneo, nombre,deporte_iddeporte,edicion_idedicion) values(21,"World Cup",1,0);
insert into torneo(idtorneo, nombre,deporte_iddeporte,edicion_idedicion) values(22,"Copa del Rey",1,0);
insert into torneo(idtorneo, nombre,deporte_iddeporte,edicion_idedicion) values(23,"UEFA",1,0);
insert into torneo(idtorneo, nombre,deporte_iddeporte,edicion_idedicion) values(24,"EUROCOPA",1,0);
insert into edicion(idedicion, anio,torneo_idtorneo) values(1,"2012/1/1",1);
insert into edicion(idedicion, anio,torneo_idtorneo) values(2,"2012/1/1",2);
insert into edicion(idedicion, anio,torneo_idtorneo) values(3,"2012/1/1",3);
insert into edicion(idedicion, anio,torneo_idtorneo) values(4,"2012/1/1",4);
insert into edicion(idedicion, anio,torneo_idtorneo) values(5,"2012/1/1",5);
insert into edicion(idedicion, anio,torneo_idtorneo) values(6,"2012/1/1",6);
insert into edicion(idedicion, anio,torneo_idtorneo) values(7,"2012/1/1",7);
insert into edicion(idedicion, anio,torneo_idtorneo) values(8,"2012/1/1",8);
insert into edicion(idedicion, anio,torneo_idtorneo) values(9,"2012/1/1",9);
insert into edicion(idedicion, anio,torneo_idtorneo) values(10,"2012/1/1",10);
insert into edicion(idedicion, anio,torneo_idtorneo) values(11,"2012/1/1",11);
insert into edicion(idedicion, anio,torneo_idtorneo) values(12,"2012/1/1",12);
insert into edicion(idedicion, anio,torneo_idtorneo) values(13,"2012/1/1",13);
insert into edicion(idedicion, anio,torneo_idtorneo) values(14,"2012/1/1",14);
insert into edicion(idedicion, anio,torneo_idtorneo) values(15,"2012/1/1",15);
insert into edicion(idedicion, anio,torneo_idtorneo) values(16,"2012/1/1",16);
insert into edicion(idedicion, anio,torneo_idtorneo) values(17,"2012/1/1",17);
insert into edicion(idedicion, anio,torneo_idtorneo) values(18,"2012/1/1",18);
insert into edicion(idedicion, anio,torneo_idtorneo) values(19,"2012/1/1",19);
insert into edicion(idedicion, anio,torneo_idtorneo) values(20,"2012/1/1",20);
insert into edicion(idedicion, anio,torneo_idtorneo) values(21,"2012/1/1",21);
insert into edicion(idedicion, anio,torneo_idtorneo) values(22,"2012/1/1",22);
insert into edicion(idedicion, anio,torneo_idtorneo) values(23,"2012/1/1",23);
insert into edicion(idedicion, anio,torneo_idtorneo) values(24,"2012/1/1",24);
INSERT INTO equipo VALUES(1,"Equipo1",10,"2012-04-13");
INSERT INTO equipo VALUES(2,"Equipo2",10,"2012-04-13");
INSERT INTO equipo VALUES(3,"Equipo3",10,"2012-04-13");
INSERT INTO equipo VALUES(4,"Equipo4",10,"2012-04-13");
INSERT INTO equipo VALUES(5,"Equipo5",10,"2012-04-13");
INSERT INTO equipo VALUES(6,"Equipo6",10,"2012-04-13");
INSERT INTO equipo VALUES(7,"Equipo7",10,"2012-04-13");
INSERT INTO equipo VALUES(8,"Equipo8",10,"2012-04-13");
INSERT INTO equipo VALUES(9,"Equipo9",10,"2012-04-13");
INSERT INTO equipo VALUES(10,"Equipo10",10,"2012-04-13");
INSERT INTO equipo VALUES(11,"Equipo11",10,"2012-04-13");
INSERT INTO equipo VALUES(12,"Equipo12",10,"2012-04-13");
INSERT INTO equipo VALUES(13,"Equipo13",10,"2012-04-13");
INSERT INTO equipo VALUES(14,"Equipo14",10,"2012-04-13");
INSERT INTO equipo VALUES(15,"Equipo15",10,"2012-04-13");
INSERT INTO equipo VALUES(16,"Equipo16",10,"2012-04-13");
INSERT INTO equipo VALUES(17,"Equipo17",10,"2012-04-13");
INSERT INTO equipo VALUES(18,"Equipo18",10,"2012-04-13");
INSERT INTO equipo VALUES(19,"Equipo19",10,"2012-04-13");
INSERT INTO equipo VALUES(20,"Equipo20",10,"2012-04-13");
INSERT INTO equipo VALUES(21,"Equipo21",10,"2012-04-13");
INSERT INTO equipo VALUES(22,"Equipo22",10,"2012-04-13");
INSERT INTO equipo VALUES(23,"Equipo23",10,"2012-04-13");
INSERT INTO equipo VALUES(24,"Equipo24",10,"2012-04-13");
INSERT INTO equipo VALUES(25,"Equipo25",10,"2012-04-13");
INSERT INTO equipo VALUES(26,"Equipo26",10,"2012-04-13");
INSERT INTO equipo VALUES(27,"Equipo27",10,"2012-04-13");
INSERT INTO equipo VALUES(28,"Equipo28",10,"2012-04-13");
INSERT INTO equipo VALUES(29,"Equipo29",10,"2012-04-13");
INSERT INTO equipo VALUES(30,"Equipo30",10,"2012-04-13");
INSERT INTO equipo VALUES(31,"Equipo31",10,"2012-04-13");
INSERT INTO equipo VALUES(32,"Equipo32",10,"2012-04-13");
INSERT INTO equipo VALUES(33,"Equipo33",10,"2012-04-13");
INSERT INTO equipo VALUES(34,"Equipo34",10,"2012-04-13");
INSERT INTO equipo VALUES(35,"Equipo35",10,"2012-04-13");
INSERT INTO equipo VALUES(36,"Equipo36",10,"2012-04-13");
INSERT INTO equipo VALUES(37,"Equipo37",10,"2012-04-13");
INSERT INTO equipo VALUES(38,"Equipo38",10,"2012-04-13");
INSERT INTO equipo VALUES(39,"Equipo39",10,"2012-04-13");
INSERT INTO equipo VALUES(40,"Equipo40",10,"2012-04-13");
INSERT INTO equipo VALUES(41,"Equipo41",10,"2012-04-13");
INSERT INTO equipo VALUES(42,"Equipo42",10,"2012-04-13");
INSERT INTO equipo VALUES(43,"Equipo43",10,"2012-04-13");
INSERT INTO equipo VALUES(44,"Equipo44",10,"2012-04-13");
INSERT INTO equipo VALUES(45,"Equipo45",10,"2012-04-13");
INSERT INTO equipo VALUES(46,"Equipo46",10,"2012-04-13");
INSERT INTO equipo VALUES(47,"Equipo47",10,"2012-04-13");
INSERT INTO equipo VALUES(48,"Equipo48",10,"2012-04-13");
INSERT INTO equipo VALUES(49,"Equipo49",10,"2012-04-13");
INSERT INTO equipo VALUES(50,"Equipo50",10,"2012-04-13");
INSERT INTO equipo VALUES(51,"Equipo51",10,"2012-04-13");
INSERT INTO equipo VALUES(52,"Equipo52",10,"2012-04-13");
INSERT INTO equipo VALUES(53,"Equipo53",10,"2012-04-13");
INSERT INTO equipo VALUES(54,"Equipo54",10,"2012-04-13");
INSERT INTO equipo VALUES(55,"Equipo55",10,"2012-04-13");
INSERT INTO equipo VALUES(56,"Equipo56",10,"2012-04-13");
INSERT INTO equipo VALUES(57,"Equipo57",10,"2012-04-13");
INSERT INTO equipo VALUES(58,"Equipo58",10,"2012-04-13");
INSERT INTO equipo VALUES(59,"Equipo59",10,"2012-04-13");
INSERT INTO equipo VALUES(60,"Equipo60",10,"2012-04-13");
INSERT INTO equipo VALUES(61,"Equipo61",10,"2012-04-13");
INSERT INTO equipo VALUES(62,"Equipo62",10,"2012-04-13");
INSERT INTO equipo VALUES(63,"Equipo63",10,"2012-04-13");
INSERT INTO equipo VALUES(64,"Equipo64",10,"2012-04-13");
INSERT INTO equipo VALUES(65,"Equipo65",10,"2012-04-13");
INSERT INTO equipo VALUES(66,"Equipo66",10,"2012-04-13");
INSERT INTO equipo VALUES(67,"Equipo67",10,"2012-04-13");
INSERT INTO equipo VALUES(68,"Equipo68",10,"2012-04-13");
INSERT INTO equipo VALUES(69,"Equipo69",10,"2012-04-13");
INSERT INTO equipo VALUES(70,"Equipo70",10,"2012-04-13");
INSERT INTO equipo VALUES(71,"Equipo71",10,"2012-04-13");
INSERT INTO equipo VALUES(72,"Equipo72",10,"2012-04-13");
INSERT INTO equipo VALUES(73,"Equipo73",10,"2012-04-13");
INSERT INTO equipo VALUES(74,"Equipo74",10,"2012-04-13");
INSERT INTO equipo VALUES(75,"Equipo75",10,"2012-04-13");
INSERT INTO equipo VALUES(76,"Equipo76",10,"2012-04-13");
INSERT INTO equipo VALUES(77,"Equipo77",10,"2012-04-13");
INSERT INTO equipo VALUES(78,"Equipo78",10,"2012-04-13");
INSERT INTO equipo VALUES(79,"Equipo79",10,"2012-04-13");
INSERT INTO equipo VALUES(80,"Equipo80",10,"2012-04-13");
INSERT INTO equipo VALUES(81,"Equipo81",10,"2012-04-13");
INSERT INTO equipo VALUES(82,"Equipo82",10,"2012-04-13");
INSERT INTO equipo VALUES(83,"Equipo83",10,"2012-04-13");
INSERT INTO equipo VALUES(84,"Equipo84",10,"2012-04-13");
INSERT INTO equipo VALUES(85,"Equipo85",10,"2012-04-13");
INSERT INTO equipo VALUES(86,"Equipo86",10,"2012-04-13");
INSERT INTO equipo VALUES(87,"Equipo87",10,"2012-04-13");
INSERT INTO equipo VALUES(88,"Equipo88",10,"2012-04-13");
INSERT INTO equipo VALUES(89,"Equipo89",10,"2012-04-13");
INSERT INTO equipo VALUES(90,"Equipo90",10,"2012-04-13");
INSERT INTO equipo VALUES(91,"Equipo91",10,"2012-04-13");
INSERT INTO equipo VALUES(92,"Equipo92",10,"2012-04-13");
INSERT INTO equipo VALUES(93,"Equipo93",10,"2012-04-13");
INSERT INTO equipo VALUES(94,"Equipo94",10,"2012-04-13");
INSERT INTO equipo VALUES(95,"Equipo95",10,"2012-04-13");
INSERT INTO equipo VALUES(96,"Equipo96",10,"2012-04-13");
INSERT INTO equipo VALUES(97,"Equipo97",10,"2012-04-13");
INSERT INTO equipo VALUES(98,"Equipo98",10,"2012-04-13");
INSERT INTO equipo VALUES(99,"Equipo99",10,"2012-04-13");
INSERT INTO equipo VALUES(100,"Equipo100",10,"2012-04-13");
insert into encuentro values(1,"Africa","2012/2/8",2,70,41);
insert into encuentro values(2,"Africa","2012/11/13",3,66,44);
insert into encuentro values(3,"America","2012/2/17",8,4,39);
insert into encuentro values(4,"Europa","2012/8/7",4,3,33);
insert into encuentro values(5,"Australia","2012/9/8",9,28,23);
insert into encuentro values(6,"America","2012/7/18",10,47,83);
insert into encuentro values(7,"Africa","2012/11/2",3,95,85);
insert into encuentro values(8,"Australia","2012/4/19",2,100,1);
insert into encuentro values(9,"America","2012/6/8",1,71,95);
insert into encuentro values(10,"Africa","2012/3/5",7,47,89);
insert into encuentro values(11,"America","2012/9/6",11,60,56);
insert into encuentro values(12,"Australia","2012/1/6",6,56,88);
insert into encuentro values(13,"Australia","2012/11/3",2,88,38);
insert into encuentro values(14,"Australia","2012/4/16",7,60,24);
insert into encuentro values(15,"Australia","2012/8/3",8,99,53);
insert into encuentro values(16,"Australia","2012/2/4",12,77,12);
insert into encuentro values(17,"Australia","2012/6/16",5,9,6);
insert into encuentro values(18,"Australia","2012/1/5",1,10,70);
insert into encuentro values(19,"Africa","2012/9/2",11,68,73);
insert into encuentro values(20,"America","2012/8/16",1,87,83);
insert into encuentro values(21,"Europa","2012/9/10",5,87,73);
insert into encuentro values(22,"America","2012/1/1",12,83,81);
insert into encuentro values(23,"Africa","2012/9/7",7,68,58);
insert into encuentro values(24,"Australia","2012/12/15",11,77,65);
insert into encuentro values(25,"Australia","2012/10/20",5,2,96);
insert into encuentro values(26,"Europa","2012/10/9",11,94,51);
insert into encuentro values(27,"Australia","2012/4/9",7,66,78);
insert into encuentro values(28,"Europa","2012/6/16",1,80,59);
insert into encuentro values(29,"Africa","2012/11/18",10,91,10);
insert into encuentro values(30,"Europa","2012/7/12",7,68,17);
insert into encuentro values(31,"America","2012/6/9",9,32,35);
insert into encuentro values(32,"Europa","2012/6/8",4,68,16);
insert into encuentro values(33,"America","2012/11/16",12,1,40);
insert into encuentro values(34,"Europa","2012/12/16",3,53,76);
insert into encuentro values(35,"Australia","2012/2/12",3,10,89);
insert into encuentro values(36,"Europa","2012/4/15",4,74,67);
insert into encuentro values(37,"America","2012/1/17",12,72,45);
insert into encuentro values(38,"America","2012/2/2",4,57,37);
insert into encuentro values(39,"Africa","2012/10/15",10,12,16);
insert into encuentro values(40,"Australia","2012/1/20",1,43,92);
insert into encuentro values(41,"Africa","2012/8/11",9,39,86);
insert into encuentro values(42,"Africa","2012/6/8",10,6,93);
insert into encuentro values(43,"Australia","2012/3/5",1,29,83);
insert into encuentro values(44,"Australia","2012/7/13",8,7,96);
insert into encuentro values(45,"America","2012/9/16",6,63,15);
insert into encuentro values(46,"America","2012/10/1",6,34,16);
insert into encuentro values(47,"Australia","2012/1/7",12,80,54);
insert into encuentro values(48,"Europa","2012/4/8",6,78,26);
insert into encuentro values(49,"Africa","2012/4/3",2,86,91);
insert into encuentro values(50,"Africa","2012/5/14",9,91,83);
insert into encuentro values(51,"America","2012/12/6",3,76,22);
insert into encuentro values(52,"Africa","2012/10/19",3,77,100);
insert into encuentro values(53,"Europa","2012/2/5",10,10,25);
insert into encuentro values(54,"Africa","2012/6/11",5,78,24);
insert into encuentro values(55,"Europa","2012/6/4",1,10,57);
insert into encuentro values(56,"Europa","2012/5/8",11,80,76);
insert into encuentro values(57,"Europa","2012/11/18",2,2,42);
insert into encuentro values(58,"Australia","2012/3/10",4,14,92);
insert into encuentro values(59,"Australia","2012/9/17",7,81,88);
insert into encuentro values(60,"America","2012/9/13",5,91,27);
insert into encuentro values(61,"America","2012/12/15",4,25,78);
insert into encuentro values(62,"Africa","2012/4/14",3,16,61);
insert into encuentro values(63,"Europa","2012/3/19",12,29,7);
insert into encuentro values(64,"Australia","2012/1/1",7,42,60);
insert into encuentro values(65,"Africa","2012/8/16",2,91,90);
insert into encuentro values(66,"Africa","2012/3/15",11,11,51);
insert into encuentro values(67,"America","2012/6/10",12,8,1);
insert into encuentro values(68,"Europa","2012/11/8",8,18,46);
insert into encuentro values(69,"Africa","2012/1/18",7,40,3);
insert into encuentro values(70,"Africa","2012/4/7",9,75,76);
insert into encuentro values(71,"Africa","2012/4/5",11,74,99);
insert into encuentro values(72,"America","2012/12/6",7,99,83);
insert into encuentro values(73,"Africa","2012/11/9",4,50,73);
insert into encuentro values(74,"America","2012/6/19",6,91,14);
insert into encuentro values(75,"Australia","2012/9/1",10,4,57);
insert into encuentro values(76,"Africa","2012/6/9",3,43,78);
insert into encuentro values(77,"Australia","2012/2/10",7,60,81);
insert into encuentro values(78,"Europa","2012/11/4",1,37,5);
insert into encuentro values(79,"Europa","2012/11/11",6,40,59);
insert into encuentro values(80,"Africa","2012/4/9",3,76,61);
insert into encuentro values(81,"Africa","2012/11/1",2,29,48);
insert into encuentro values(82,"America","2012/5/18",9,97,76);
insert into encuentro values(83,"America","2012/7/18",4,54,48);
insert into encuentro values(84,"Australia","2012/1/14",2,21,20);
insert into encuentro values(85,"Europa","2012/11/9",3,15,77);
insert into encuentro values(86,"America","2012/12/19",8,93,89);
insert into encuentro values(87,"Africa","2012/5/4",3,39,79);
insert into encuentro values(88,"Australia","2012/8/15",4,45,56);
insert into encuentro values(89,"Europa","2012/7/9",5,79,18);
insert into encuentro values(90,"America","2012/7/16",6,54,11);
insert into encuentro values(91,"America","2012/11/14",5,32,97);
insert into encuentro values(92,"Africa","2012/7/13",7,31,76);
insert into encuentro values(93,"Africa","2012/5/18",2,15,63);
insert into encuentro values(94,"Africa","2012/8/3",7,93,13);
insert into encuentro values(95,"Australia","2012/6/11",12,49,42);
insert into encuentro values(96,"Africa","2012/5/16",5,77,97);
insert into encuentro values(97,"Africa","2012/2/6",7,6,58);
insert into encuentro values(98,"Australia","2012/12/9",10,26,92);
insert into encuentro values(99,"America","2012/8/12",6,59,80);
insert into encuentro values(100,"America","2012/8/14",12,23,85);

